ct;descripcio;tram;tensio;num_linia;cable;seccio;intensitat_admisible;reactancia;resistencia;material;tipus;longitud_cad;geom;node_start;node_end
CT-0975;E.T. CAN DRAPER-2;170275;400;;EMBARRAT_BT;17.0;20.0;0.07400000;0.09700000;Al;Embarrat;0.448000;LINESTRING (438798.3618 4612678.5723, 438798.3618 4612678.7578, 438798.6243 4612678.7578);58026;58020
CT-0975;E.T. CAN DRAPER-2;170260;400;;EMBARRAT_BT;17.0;20.0;0.07400000;0.09700000;Al;Embarrat;0.433400;LINESTRING (438798.6243 4612678.6578, 438798.3752 4612678.6578, 438798.3752 4612678.4735);58023;58034
CT-0975;E.T. CAN DRAPER-2;170271;400;;EMBARRAT_BT;17.0;20.0;0.07400000;0.09700000;Al;Embarrat;0.061900;LINESTRING (438798.32660000003 4612678.3747000005, 438798.3885 4612678.3747000005);58036;58037
CT-0975;E.T. CAN DRAPER-2;170267;400;;EMBARRAT_BT;17.0;20.0;0.07400000;0.09700000;Al;Embarrat;0.157000;LINESTRING (438798.2684 4612678.4735, 438798.2684 4612678.3747000005, 438798.32660000003 4612678.3747000005);58032;58036
CT-0975;E.T. CAN DRAPER-2;170279;400;;EMBARRAT_BT;17.0;20.0;0.07400000;0.09700000;Al;Embarrat;0.462500;LINESTRING (438798.6243 4612678.8578, 438798.3485 4612678.8578, 438798.3485 4612678.6711);58019;58022
CT-0975;E.T. CAN DRAPER-2;170261;400;;EMBARRAT_BT;17.0;20.0;0.07400000;0.09700000;Al;Embarrat;0.464800;LINESTRING (438798.3752 4612678.4735, 438798.3752 4612678.2578, 438798.6243 4612678.2578);58034;58043
CT-0975;E.T. CAN DRAPER-2;170278;400;;EMBARRAT_BT;17.0;20.0;0.07400000;0.09700000;Al;Embarrat;0.489100;LINESTRING (438798.3485 4612678.6711, 438798.3485 4612678.4578, 438798.6243 4612678.4578);58022;58035
CT-0975;E.T. CAN DRAPER-2;170265;400;;EMBARRAT_BT;17.0;20.0;0.07400000;0.09700000;Al;Embarrat;0.058200;LINESTRING (438798.32660000003 4612678.5723, 438798.2684 4612678.5723);58025;58024
CT-0975;E.T. CAN DRAPER-2;170268;400;;EMBARRAT_BT;17.0;20.0;0.07400000;0.09700000;Al;Embarrat;0.049400;LINESTRING (438798.2684 4612678.5229, 438798.2684 4612678.4735);58031;58032
CT-0975;E.T. CAN DRAPER-2;170274;400;;EMBARRAT_BT;17.0;20.0;0.07400000;0.09700000;Al;Embarrat;0.418900;LINESTRING (438798.6243 4612678.5578000005, 438798.3885 4612678.5578000005, 438798.3885 4612678.3747000005);58027;58037
CT-0975;E.T. CAN DRAPER-2;170259;0;;EMBARRAT_BT;17.0;20.0;0.07400000;0.09700000;Al;Embarrat;0.075000;LINESTRING (438798.0764 4612678.5229, 438798.15140000003 4612678.5229);58028;58029
CT-0975;E.T. CAN DRAPER-2;170264;0;;EMBARRAT_BT;17.0;20.0;0.07400000;0.09700000;Al;Embarrat;0.050000;LINESTRING (438798.15140000003 4612678.5229, 438798.2014 4612678.5229);58029;58030
CT-0975;E.T. CAN DRAPER-2;170263;400;;EMBARRAT_BT;17.0;20.0;0.07400000;0.09700000;Al;Embarrat;0.067000;LINESTRING (438798.2014 4612678.5229, 438798.2684 4612678.5229);58030;58031
CT-0975;E.T. CAN DRAPER-2;170262;400;;EMBARRAT_BT;17.0;20.0;0.07400000;0.09700000;Al;Embarrat;0.049400;LINESTRING (438798.2684 4612678.5723, 438798.2684 4612678.5229);58024;58031
CT-0975;E.T. CAN DRAPER-2;170269;400;;EMBARRAT_BT;17.0;20.0;0.07400000;0.09700000;Al;Embarrat;0.157000;LINESTRING (438798.32660000003 4612678.6711, 438798.2684 4612678.6711, 438798.2684 4612678.5723);58021;58024
CT-0975;E.T. CAN DRAPER-2;170277;400;;EMBARRAT_BT;17.0;20.0;0.07400000;0.09700000;Al;Embarrat;0.021900;LINESTRING (438798.3485 4612678.6711, 438798.32660000003 4612678.6711);58022;58021
CT-0975;E.T. CAN DRAPER-2;170276;400;;EMBARRAT_BT;17.0;20.0;0.07400000;0.09700000;Al;Embarrat;0.035200;LINESTRING (438798.32660000003 4612678.5723, 438798.3618 4612678.5723);58025;58026
CT-0975;E.T. CAN DRAPER-2;170272;400;;EMBARRAT_BT;17.0;20.0;0.07400000;0.09700000;Al;Embarrat;0.476400;LINESTRING (438798.3618 4612678.5723, 438798.3618 4612678.3578, 438798.6237 4612678.3578);58026;58039
CT-0975;E.T. CAN DRAPER-2;170266;400;;EMBARRAT_BT;17.0;20.0;0.07400000;0.09700000;Al;Embarrat;0.058200;LINESTRING (438798.32660000003 4612678.4735, 438798.2684 4612678.4735);58033;58032
CT-0975;E.T. CAN DRAPER-2;170270;400;;EMBARRAT_BT;17.0;20.0;0.07400000;0.09700000;Al;Embarrat;0.048600;LINESTRING (438798.32660000003 4612678.4735, 438798.3752 4612678.4735);58033;58034
CT-0975;E.T. CAN DRAPER-2;170273;400;;EMBARRAT_BT;17.0;20.0;0.07400000;0.09700000;Al;Embarrat;0.452400;LINESTRING (438798.3885 4612678.3747000005, 438798.3885 4612678.1578, 438798.624 4612678.1578);58037;58046
CT-0975;E.T. CAN DRAPER-2;170202;400;9;EMBARRAT_BT;17.0;20.0;0.07400000;0.09700000;Al;Embarrat;0.549942;LINESTRING (438839.29870000004 4612727.018300001, 438839.422 4612726.6908, 438839.6092 4612726.7612000005);57740;57744
CT-0975;E.T. CAN DRAPER-2;170189;400;9;RV 3x240+150;240.0;344.0;0.18000000;0.16000000;Al;Subterrani;43.033253;LINESTRING (438826.11360000004 4612763.110900001, 438826.2119 4612763.1464, 438826.3032 4612763.0396, 438827.7132 4612763.5663, 438827.721 4612763.568700001, 438827.72880000004 4612763.5708, 438827.7368 4612763.5727, 438827.74480000004 4612763.5743, 438827.7529 4612763.5756, 438827.761 4612763.5766, 438827.76910000003 4612763.5774, 438827.7773 4612763.5778, 438827.7854 4612763.578000001, 438827.79360000003 4612763.5779, 438827.8017 4612763.577500001, 438827.8099 4612763.5768, 438827.818 4612763.5758, 438827.8261 4612763.5746, 438827.83410000004 4612763.573100001, 438827.8421 4612763.5713, 438827.85000000003 4612763.5692, 438827.8578 4612763.5669, 438827.8655 4612763.5642, 438827.8731 4612763.5614, 438827.88070000004 4612763.5582, 438827.88810000004 4612763.5548, 438827.89540000004 4612763.5511, 438827.90260000003 4612763.5472, 438827.9096 4612763.5430000005, 438827.9165 4612763.538600001, 438827.9232 4612763.534, 438827.92970000004 4612763.5291, 438827.93610000005 4612763.524, 438827.9423 4612763.5187, 438827.94830000005 4612763.5132, 438827.95410000003 4612763.5074000005, 438827.9597 4612763.5015, 438827.96510000003 4612763.4953000005, 438827.97030000004 4612763.489, 438827.97530000005 4612763.4825, 438827.98000000004 4612763.4759, 438827.9845 4612763.4691, 438827.98880000005 4612763.4621, 438827.9928 4612763.455, 438827.9965 4612763.4477, 438828 4612763.4403, 438828.00330000004 4612763.4329, 438828.0063 4612763.4253, 438828.009 4612763.4176, 438828.0114 4612763.4098000005, 438828.0531 4612763.2914, 438841.35120000003 4612727.4702, 438841.4282 4612727.2646, 438841.4302 4612727.259500001, 438841.43200000003 4612727.2545, 438841.43360000005 4612727.2493, 438841.435 4612727.2441, 438841.4363 4612727.2389, 438841.4374 4612727.2336, 438841.43830000004 4612727.228300001, 438841.439 4612727.223, 438841.43960000004 4612727.2176, 438841.4399 4612727.2123, 438841.4401 4612727.206900001, 438841.4401 4612727.2015, 438841.4399 4612727.1961, 438841.43950000004 4612727.1908, 438841.4389 4612727.1854, 438841.4381 4612727.1801, 438841.43720000004 4612727.1748, 438841.43610000005 4612727.1695, 438841.43480000005 4612727.1643, 438841.43330000003 4612727.1591, 438841.4316 4612727.154, 438841.42980000004 4612727.149, 438841.4278 4612727.144, 438841.4256 4612727.139, 438841.4233 4612727.1342, 438841.4208 4612727.1294, 438841.4181 4612727.1248, 438841.4153 4612727.1202, 438841.4123 4612727.1157, 438841.40910000005 4612727.1113, 438841.4059 4612727.107100001, 438841.4024 4612727.1029, 438841.3988 4612727.098900001, 438841.3951 4612727.095000001, 438841.3913 4612727.091200001, 438841.3873 4612727.0876, 438841.38320000004 4612727.084100001, 438841.379 4612727.0807, 438841.37470000004 4612727.077500001, 438841.3703 4612727.0745, 438841.3657 4612727.0716, 438841.36110000004 4612727.0688000005, 438841.35640000005 4612727.0662, 438841.3516 4612727.063800001, 438841.3467 4612727.061600001, 438841.34170000005 4612727.0595, 438841.33670000004 4612727.0576, 438841.33160000003 4612727.0558, 438841.3264 4612727.0543, 438841.3212 4612727.0529000005, 438841.31600000005 4612727.051700001, 438841.31070000003 4612727.0507000005, 438841.3054 4612727.0498, 438841.3001 4612727.0492, 438841.2947 4612727.0487, 438841.2893 4612727.048400001, 438841.28390000004 4612727.0483, 438841.2786 4612727.048400001, 438841.2732 4612727.0487, 438841.26780000003 4612727.0491, 438841.2625 4612727.0498, 438839.5711 4612727.2816, 438839.4722 4612727.4559, 438839.3626 4612727.4164);57595;57736
CT-0975;E.T. CAN DRAPER-2;170204;400;9;EMBARRAT_BT;17.0;20.0;0.07400000;0.09700000;Al;Embarrat;0.200006;LINESTRING (438825.9258 4612763.0421, 438826.11360000004 4612763.110900001);57596;57595
CT-0975;E.T. CAN DRAPER-2;180195;400;9;RV 3x240+150;240.0;344.0;0.18000000;0.16000000;Al;Subterrani;13.510719;LINESTRING (438825.9931 4612763.4396, 438826.06840000005 4612763.4622, 438826.1238 4612763.3216, 438827.5996 4612763.860400001, 438827.6472 4612763.921800001, 438827.663 4612764.0505, 438827.6095 4612764.207, 438824.43610000005 4612772.7349000005, 438824.3093 4612773.119200001, 438824.1033 4612773.1469, 438822.7721 4612772.729, 438822.677 4612772.83, 438822.59150000004 4612772.7976);57594;117180
CT-0975;E.T. CAN DRAPER-2;180193;400;9;EMBARRAT_BT;17.0;20.0;0.07400000;0.09700000;Al;Embarrat;0.549909;LINESTRING (438822.4037 4612772.728800001, 438822.2833 4612773.0574, 438822.471 4612773.126300001);117179;117181
CT-0975;E.T. CAN DRAPER-2;180194;400;9;EMBARRAT_BT;17.0;20.0;0.07400000;0.09700000;Al;Embarrat;0.550003;LINESTRING (438822.4037 4612772.728800001, 438822.52420000004 4612772.4002, 438822.712 4612772.4690000005);117179;117182
CT-0975;E.T. CAN DRAPER-2;170205;400;9;EMBARRAT_BT;17.0;20.0;0.07400000;0.09700000;Al;Embarrat;0.550003;LINESTRING (438825.9258 4612763.0421, 438826.04630000005 4612762.713500001, 438826.2341 4612762.7823);57596;57597
CT-0975;E.T. CAN DRAPER-2;172793;400;9;LGA;17.0;20.0;0.00000000;;Cu;Indefinit;7.772071;LINESTRING (438826.2341 4612762.7823, 438826.29750000004 4612762.8059, 438826.3338 4612762.7088, 438825.489 4612760.299000001, 438820.7175 4612758.6538);57597;57626
CT-0975;E.T. CAN DRAPER-2;170197;400;9;RV 3x240+150;240.0;344.0;0.18000000;0.16000000;Al;Subterrani;76.335439;LINESTRING (438839.4859 4612727.0888, 438839.5882 4612727.1265, 438839.6829 4612726.9888, 438841.36870000005 4612726.7905, 438841.3829 4612726.788600001, 438841.3969 4612726.7862, 438841.4109 4612726.7833, 438841.42480000004 4612726.78, 438841.43850000005 4612726.7761, 438841.4521 4612726.7718, 438841.4656 4612726.767, 438841.47880000004 4612726.7618, 438841.4919 4612726.7561, 438841.5048 4612726.75, 438841.5175 4612726.7434, 438841.5299 4612726.7364, 438841.5421 4612726.7289, 438841.554 4612726.721100001, 438841.56560000003 4612726.7128, 438841.57700000005 4612726.704100001, 438841.58800000005 4612726.6951, 438841.59870000003 4612726.6857, 438841.6091 4612726.6759, 438841.6192 4612726.6657, 438841.6288 4612726.655300001, 438841.63820000004 4612726.6445, 438841.6471 4612726.6333, 438841.6557 4612726.621900001, 438841.66380000004 4612726.6102, 438841.6716 4612726.5982, 438841.6789 4612726.586, 438841.68580000004 4612726.5735, 438841.69220000005 4612726.5608, 438841.69830000005 4612726.5478, 438845.30460000003 4612716.899300001, 438845.30970000004 4612716.881800001, 438845.3141 4612716.864200001, 438845.3179 4612716.8464, 438845.3212 4612716.8284, 438845.3237 4612716.8104, 438845.32570000004 4612716.7922, 438845.32700000005 4612716.7741, 438845.3277 4612716.7558, 438845.3277 4612716.737600001, 438845.3271 4612716.7194, 438845.3259 4612716.7012, 438845.324 4612716.6831, 438845.3215 4612716.665, 438845.31840000005 4612716.647100001, 438845.31470000005 4612716.6292, 438845.3103 4612716.611500001, 438845.3053 4612716.5940000005, 438845.29970000003 4612716.5767, 438845.29360000003 4612716.5595, 438845.2868 4612716.5426, 438845.2076 4612716.352200001, 438842.7113 4612710.1067, 438842.63560000004 4612709.9098000005, 438842.6266 4612709.8896, 438842.617 4612709.869700001, 438842.6066 4612709.8502, 438842.5956 4612709.831, 438842.58400000003 4612709.8122000005, 438842.57170000003 4612709.7939, 438842.5589 4612709.7759, 438842.5454 4612709.758400001, 438842.53130000003 4612709.7413, 438842.51670000004 4612709.7248, 438842.5015 4612709.7087, 438842.4858 4612709.693200001, 438842.4696 4612709.6782, 438842.45290000003 4612709.6637, 438842.43570000003 4612709.649900001, 438842.418 4612709.6366, 438842.3999 4612709.6239, 438842.3814 4612709.6119, 438837.9499 4612707.186000001, 438833.60020000004 4612704.6166, 438829.33670000004 4612701.9063, 438825.1642 4612699.058, 438821.087 4612696.0749, 438820.291 4612695.468, 438816.8566 4612692.7477, 438813.5076 4612689.923, 438810.24700000003 4612686.9966, 438807.07800000004 4612683.9713, 438804.0036 4612680.8499, 438801.02660000004 4612677.6354, 438800.8764 4612677.4672, 438799.6119 4612678.567100001, 438799.07300000003 4612678.567100001, 438799.07300000003 4612678.8578, 438798.6243 4612678.8578);57739;58019
CT-0975;E.T. CAN DRAPER-2;180192;400;9;EMBARRAT_BT;17.0;20.0;0.07400000;0.09700000;Al;Embarrat;0.200006;LINESTRING (438822.4037 4612772.728800001, 438822.59150000004 4612772.7976);117179;117180
CT-0975;E.T. CAN DRAPER-2;180325;400;9;LGA;17.0;20.0;0.00000000;;Cu;Indefinit;2.469110;LINESTRING (438822.4037 4612772.728800001, 438821.94450000004 4612773.144900001, 438822.5625 4612773.3509, 438822.1863 4612774.4883);117179;117743
CT-0975;E.T. CAN DRAPER-2;170201;400;9;EMBARRAT_BT;17.0;20.0;0.07400000;0.09700000;Al;Embarrat;0.200035;LINESTRING (438839.29870000004 4612727.018300001, 438839.4859 4612727.0888);57740;57739
CT-0975;E.T. CAN DRAPER-2;173167;400;9;LGA;17.0;20.0;0.00000000;;Cu;Indefinit;9.941282;LINESTRING (438831.1378 4612722.2723, 438833.16630000004 4612723.601600001, 438839.0331 4612725.7937, 438839.29870000004 4612727.018300001);57765;57740
CT-0975;E.T. CAN DRAPER-2;170203;400;9;EMBARRAT_BT;17.0;20.0;0.07400000;0.09700000;Al;Embarrat;0.549942;LINESTRING (438839.29870000004 4612727.018300001, 438839.1755 4612727.3459, 438839.3626 4612727.4164);57740;57736
CT-0975;E.T. CAN DRAPER-2;170206;400;9;EMBARRAT_BT;17.0;20.0;0.07400000;0.09700000;Al;Embarrat;0.549909;LINESTRING (438825.9258 4612763.0421, 438825.8054 4612763.3707, 438825.9931 4612763.4396);57596;57594
CT-0975;E.T. CAN DRAPER-2;171641;400;13;LGA;17.0;20.0;0.00000000;;Cu;Indefinit;9.052012;LINESTRING (438797.1473 4612658.4815, 438797.6574 4612658.820900001, 438797.1511 4612659.214000001, 438800.36950000003 4612663.6469, 438801.59140000003 4612665.3192, 438801.79360000003 4612665.1736);58159;58117
CT-0975;E.T. CAN DRAPER-2;170215;400;13;EMBARRAT_BT;17.0;20.0;0.07400000;0.09700000;Al;Embarrat;0.550045;LINESTRING (438797.1473 4612658.4815, 438796.94090000005 4612658.1988, 438796.7794 4612658.3168);58159;58173
CT-0975;E.T. CAN DRAPER-2;170214;400;13;EMBARRAT_BT;17.0;20.0;0.07400000;0.09700000;Al;Embarrat;0.550066;LINESTRING (438797.1473 4612658.4815, 438797.35370000004 4612658.7642, 438797.19210000004 4612658.8821);58159;58152
CT-0975;E.T. CAN DRAPER-2;170190;400;13;RV 3x240+150;240.0;344.0;0.18000000;0.16000000;Al;Subterrani;25.267346;LINESTRING (438798.6243 4612678.4578, 438798.8702 4612678.4578, 438798.8702 4612678.3976, 438799.18690000003 4612678.3976, 438800.1409 4612677.547300001, 438800.16140000004 4612677.5273, 438800.18120000005 4612677.5066, 438800.2003 4612677.4852, 438800.2186 4612677.4632, 438800.23610000004 4612677.4405000005, 438800.2528 4612677.4172, 438800.2687 4612677.3934, 438800.28380000003 4612677.3691, 438800.298 4612677.3442, 438800.3114 4612677.3188000005, 438800.3238 4612677.2930000005, 438800.33540000004 4612677.2668, 438800.346 4612677.2402, 438800.3557 4612677.2133, 438800.3644 4612677.186000001, 438800.37220000004 4612677.1584, 438800.3791 4612677.1306, 438800.3849 4612677.1026, 438800.3898 4612677.0743, 438800.3937 4612677.046, 438800.39660000004 4612677.0175, 438800.3985 4612676.9889, 438800.3995 4612676.960200001, 438800.3994 4612676.9316, 438800.3983 4612676.903, 438800.3962 4612676.8744, 438800.39320000005 4612676.8459, 438800.38910000003 4612676.817600001, 438800.3841 4612676.7894, 438800.37810000003 4612676.7614, 438800.37110000005 4612676.7336, 438800.3632 4612676.706, 438800.3543 4612676.6788, 438800.3445 4612676.6519, 438800.3337 4612676.6254, 438800.32200000004 4612676.5992, 438800.3094 4612676.5735, 438800.29600000003 4612676.5482, 438800.28160000005 4612676.5234, 438800.2664 4612676.499100001, 438800.2504 4612676.4754, 438800.23360000004 4612676.4522, 438800.2159 4612676.4296, 438800.1975 4612676.4077, 438800.1783 4612676.3864, 438800.1584 4612676.3658, 438800.1378 4612676.3459, 438800.1166 4612676.3267, 438800.0946 4612676.308300001, 438799.8546 4612676.0251, 438796.53990000003 4612672.0867, 438793.37 4612668.031, 438792.4328 4612666.7516, 438792.3681 4612666.659700001, 438792.3628 4612666.6521000005, 438792.3579 4612666.6442, 438792.3532 4612666.6362000005, 438792.34890000004 4612666.6280000005, 438792.3448 4612666.619700001, 438792.341 4612666.6112, 438792.3375 4612666.6026, 438792.33430000005 4612666.593900001, 438792.3314 4612666.5851, 438792.3288 4612666.5762, 438792.3265 4612666.5672, 438792.3246 4612666.5581, 438792.3229 4612666.549000001, 438792.3216 4612666.5398, 438792.32060000004 4612666.5306, 438792.3199 4612666.5214, 438792.31960000005 4612666.5121, 438792.31960000005 4612666.5028, 438792.3199 4612666.4935, 438792.32050000003 4612666.484300001, 438792.3214 4612666.475000001, 438792.3227 4612666.4658, 438792.32430000004 4612666.4567, 438792.3262 4612666.447600001, 438792.3284 4612666.4386, 438792.3309 4612666.4297, 438792.3338 4612666.4209, 438792.3369 4612666.4121, 438792.34040000004 4612666.4035, 438792.34410000005 4612666.3950000005, 438792.3482 4612666.386700001, 438792.35250000004 4612666.378500001, 438795.37850000005 4612659.9479, 438795.85240000003 4612659.5783, 438796.9478 4612658.7904, 438796.8975 4612658.6680000005, 438796.9857 4612658.599400001);58035;58155
CT-0975;E.T. CAN DRAPER-2;170213;400;13;EMBARRAT_BT;17.0;20.0;0.07400000;0.09700000;Al;Embarrat;0.200037;LINESTRING (438797.1473 4612658.4815, 438796.9857 4612658.599400001);58159;58155
CT-0975;E.T. CAN DRAPER-2;181037;400;11;LGA;17.0;20.0;0.00000000;;Cu;Indefinit;2.711043;LINESTRING (438835.7326 4612766.8367, 438838.2936 4612767.7261);57562;122996
CT-0975;E.T. CAN DRAPER-2;170209;400;11;EMBARRAT_BT;17.0;20.0;0.07400000;0.09700000;Al;Embarrat;0.550070;LINESTRING (438835.73260000005 4612766.8367, 438835.8554 4612766.5089, 438835.6681 4612766.4387);57562;57573
CT-0975;E.T. CAN DRAPER-2;170211;400;11;EMBARRAT_BT;17.0;20.0;0.07400000;0.09700000;Al;Embarrat;0.550011;LINESTRING (438849.456 4612730.2236, 438849.33310000005 4612730.5514, 438849.1459 4612730.4812);57719;57717
CT-0975;E.T. CAN DRAPER-2;170208;400;11;EMBARRAT_BT;17.0;20.0;0.07400000;0.09700000;Al;Embarrat;0.549918;LINESTRING (438835.73260000005 4612766.8367, 438835.60970000003 4612767.1644, 438835.42250000004 4612767.0942);57562;57552
CT-0975;E.T. CAN DRAPER-2;170210;400;11;EMBARRAT_BT;17.0;20.0;0.07400000;0.09700000;Al;Embarrat;0.200023;LINESTRING (438849.456 4612730.2236, 438849.2687 4612730.1534);57719;57721
CT-0975;E.T. CAN DRAPER-2;170196;400;11;RV 3x240+150;240.0;344.0;0.18000000;0.16000000;Al;Subterrani;42.682750;LINESTRING (438849.1459 4612730.4812, 438849.0514 4612730.444800001, 438849.08400000003 4612730.2204, 438847.6684 4612729.6818, 438847.66240000003 4612729.6790000005, 438847.65630000003 4612729.6764, 438847.6501 4612729.6739, 438847.6438 4612729.6717, 438847.6374 4612729.6698, 438847.631 4612729.6680000005, 438847.62460000004 4612729.6665, 438847.618 4612729.665200001, 438847.6115 4612729.664100001, 438847.60490000003 4612729.6633, 438847.5982 4612729.6627, 438847.59160000004 4612729.6623, 438847.5849 4612729.6621, 438847.5783 4612729.6622, 438847.5716 4612729.662500001, 438847.565 4612729.6631000005, 438847.55840000004 4612729.6638, 438847.5518 4612729.6648, 438847.5453 4612729.666, 438847.53880000004 4612729.6675, 438847.5323 4612729.6692, 438847.526 4612729.6711, 438847.5197 4612729.6732, 438847.5134 4612729.6755, 438847.5073 4612729.6781, 438847.5012 4612729.6808, 438847.4953 4612729.6838, 438847.4894 4612729.687, 438847.48370000004 4612729.690400001, 438847.4781 4612729.694, 438847.47260000004 4612729.6977, 438847.4672 4612729.7017, 438847.462 4612729.705800001, 438847.457 4612729.7101, 438847.4521 4612729.7146000005, 438847.4473 4612729.7193, 438847.4427 4612729.7241, 438847.43830000004 4612729.7291, 438847.4341 4612729.7342, 438847.43 4612729.7395, 438847.42610000004 4612729.7449, 438847.42250000004 4612729.7504, 438847.419 4612729.7561, 438847.4157 4612729.7619, 438847.41260000004 4612729.7678000005, 438847.4097 4612729.773800001, 438847.407 4612729.7799, 438847.4046 4612729.7861, 438847.4023 4612729.7923, 438847.33280000003 4612729.961800001, 438833.96040000004 4612765.6384000005, 438833.92100000003 4612765.7369, 438833.9178 4612765.7455, 438833.9148 4612765.7542, 438833.9122 4612765.7629, 438833.9098 4612765.7718, 438833.90780000004 4612765.7807, 438833.9061 4612765.789700001, 438833.9047 4612765.7988, 438833.9036 4612765.8079, 438833.90290000004 4612765.817, 438833.9024 4612765.8262, 438833.9023 4612765.8353, 438833.9025 4612765.844500001, 438833.90300000005 4612765.8536, 438833.90380000003 4612765.8628, 438833.905 4612765.871900001, 438833.90640000004 4612765.8809, 438833.9082 4612765.8899, 438833.91030000005 4612765.898800001, 438833.91270000004 4612765.9077, 438833.9154 4612765.9164, 438833.9185 4612765.925100001, 438833.9218 4612765.9336, 438833.9254 4612765.942, 438833.9293 4612765.950300001, 438833.93350000004 4612765.958500001, 438833.938 4612765.9665, 438833.9427 4612765.9743, 438833.9477 4612765.982, 438833.95300000004 4612765.9894, 438833.9586 4612765.9968, 438833.9643 4612766.0038, 438833.97040000005 4612766.0107, 438833.9767 4612766.0174, 438833.9832 4612766.0239, 438833.98990000004 4612766.0301, 438833.9968 4612766.0361, 438834.004 4612766.0418, 438834.0113 4612766.047300001, 438834.0188 4612766.0525, 438834.02660000004 4612766.0575, 438834.0344 4612766.0622000005, 438834.04250000004 4612766.0666000005, 438834.0506 4612766.0707, 438835.45800000004 4612766.6054, 438835.449 4612766.7251, 438835.5453 4612766.7665);57717;57567
CT-0975;E.T. CAN DRAPER-2;170212;400;11;EMBARRAT_BT;17.0;20.0;0.07400000;0.09700000;Al;Embarrat;0.549976;LINESTRING (438849.456 4612730.2236, 438849.5788 4612729.8959, 438849.3915 4612729.8257);57719;57723
CT-0975;E.T. CAN DRAPER-2;170188;400;11;RV 3x240+150;240.0;344.0;0.18000000;0.16000000;Al;Subterrani;85.913223;LINESTRING (438798.6243 4612678.6578, 438799.00590000005 4612678.6578, 438799.00590000005 4612678.4694, 438799.41270000004 4612678.4694, 438800.90790000005 4612677.1761, 438801.0173 4612677.2954, 438804.0136 4612680.5417, 438807.1093 4612683.6933, 438810.3014 4612686.7471, 438813.58680000005 4612689.700300001, 438816.9624 4612692.55, 438820.42500000005 4612695.2934, 438821.2194 4612695.8992, 438825.2856 4612698.8744, 438829.44680000003 4612701.7153, 438833.6984 4612704.4188, 438838.0361 4612706.982, 438842.4552 4612709.4022, 438842.4755 4612709.416, 438842.4953 4612709.4304, 438842.5146 4612709.4455, 438842.5333 4612709.4612, 438842.5516 4612709.4776, 438842.56930000003 4612709.4945, 438842.58640000003 4612709.512, 438842.6029 4612709.5301, 438842.6188 4612709.5488, 438842.6341 4612709.5679, 438842.6487 4612709.5876, 438842.66260000004 4612709.6077000005, 438842.67590000003 4612709.6283, 438842.68850000005 4612709.649300001, 438842.7003 4612709.6708, 438842.71140000003 4612709.692600001, 438842.7218 4612709.7148, 438842.7315 4612709.7373, 438842.7404 4612709.760100001, 438842.74850000005 4612709.7832, 438842.84130000003 4612710.0547, 438845.3091 4612716.2289, 438845.3165 4612716.2424, 438845.32440000004 4612716.255700001, 438845.3327 4612716.2686, 438845.34140000003 4612716.2813, 438845.3506 4612716.2937, 438845.3602 4612716.3057, 438845.3702 4612716.3174, 438845.3805 4612716.3288, 438845.3913 4612716.3398, 438845.4024 4612716.350500001, 438845.41390000004 4612716.3607, 438845.4257 4612716.3706, 438845.4379 4612716.38, 438845.4503 4612716.3891, 438845.4631 4612716.397700001, 438845.47620000003 4612716.405900001, 438845.4895 4612716.413600001, 438845.503 4612716.4208, 438845.51690000005 4612716.4276, 438845.5309 4612716.434, 438845.54510000005 4612716.4398, 438845.55960000004 4612716.4452, 438845.57420000003 4612716.45, 438845.58890000003 4612716.4544, 438845.60380000004 4612716.4583, 438845.6189 4612716.4616, 438845.634 4612716.4645, 438845.64920000004 4612716.4668000005, 438845.6645 4612716.4686, 438845.67980000004 4612716.4699, 438845.6952 4612716.4707, 438845.71060000005 4612716.4709, 438845.726 4612716.470600001, 438845.8334 4612716.4668000005, 438852.01320000004 4612716.371900001, 438852.02310000005 4612716.3718, 438852.033 4612716.371900001, 438852.0429 4612716.3724, 438852.0528 4612716.3733, 438852.0626 4612716.3745, 438852.0724 4612716.376, 438852.0821 4612716.377900001, 438852.0918 4612716.380100001, 438852.10140000004 4612716.3826, 438852.1109 4612716.3855, 438852.1202 4612716.3887, 438852.12950000004 4612716.392200001, 438852.1386 4612716.396000001, 438852.1476 4612716.4002, 438852.15650000004 4612716.4046, 438852.16520000005 4612716.4094, 438852.17370000004 4612716.4144, 438852.18200000003 4612716.4198, 438852.1902 4612716.4254, 438852.19810000004 4612716.4313, 438852.2059 4612716.4375, 438852.2134 4612716.4439, 438852.2207 4612716.4506, 438852.22770000005 4612716.4576, 438852.2346 4612716.4648, 438852.24110000004 4612716.472200001, 438852.2474 4612716.4798, 438852.25350000005 4612716.4877, 438852.25920000003 4612716.495800001, 438852.2647 4612716.504000001, 438852.2699 4612716.5125, 438852.2748 4612716.5211000005, 438852.2794 4612716.5299, 438852.2836 4612716.5388, 438852.28760000004 4612716.547900001, 438852.29130000004 4612716.5571, 438852.2946 4612716.5664, 438852.29760000005 4612716.5758, 438852.3003 4612716.5854, 438852.3027 4612716.595000001, 438852.30470000004 4612716.6047, 438852.3064 4612716.6145, 438852.3077 4612716.6243, 438852.3087 4612716.6341, 438852.3094 4612716.644, 438852.30970000004 4612716.6539, 438852.30970000004 4612716.6638, 438852.3093 4612716.6737, 438852.30860000005 4612716.6836, 438852.3075 4612716.6935, 438852.30610000005 4612716.7033, 438852.3044 4612716.713, 438852.30240000004 4612716.7227, 438852.30000000005 4612716.7323, 438852.29720000003 4612716.7418, 438852.2942 4612716.751300001, 438852.2908 4612716.760600001, 438852.184 4612717.0396, 438847.6841 4612729.0247, 438847.652 4612729.1086, 438847.6486 4612729.118, 438847.64560000005 4612729.127400001, 438847.64290000004 4612729.1369, 438847.64050000004 4612729.1465, 438847.6384 4612729.1562, 438847.63670000003 4612729.166, 438847.6353 4612729.1758, 438847.63430000003 4612729.1856, 438847.6336 4612729.1955, 438847.63330000004 4612729.2054, 438847.63330000004 4612729.2153, 438847.6336 4612729.2252, 438847.63430000003 4612729.2351, 438847.6354 4612729.245, 438847.63670000003 4612729.2548, 438847.6385 4612729.2646, 438847.64050000004 4612729.2742, 438847.64290000004 4612729.2839, 438847.64560000005 4612729.2934, 438847.6487 4612729.302800001, 438847.6521 4612729.312100001, 438847.6558 4612729.3213, 438847.6598 4612729.3304, 438847.6641 4612729.3393, 438847.66870000004 4612729.348, 438847.67370000004 4612729.3566000005, 438847.6789 4612729.365, 438847.6844 4612729.3733, 438847.6903 4612729.3813000005, 438847.6963 4612729.3891, 438847.7027 4612729.3967, 438847.70930000005 4612729.4041, 438847.7162 4612729.4112, 438847.7233 4612729.4182, 438847.7306 4612729.4248, 438847.7382 4612729.4312, 438847.74600000004 4612729.4373, 438847.754 4612729.443200001, 438847.7622 4612729.4487000005, 438847.77060000005 4612729.454, 438847.77910000004 4612729.459, 438847.78780000005 4612729.4637, 438847.7967 4612729.4681, 438847.80580000003 4612729.4721, 438849.1703 4612729.9888, 438849.1682 4612730.1057, 438849.2687 4612730.1534);58023;57721
CT-0975;E.T. CAN DRAPER-2;170207;400;11;EMBARRAT_BT;17.0;20.0;0.07400000;0.09700000;Al;Embarrat;0.200023;LINESTRING (438835.73260000005 4612766.8367, 438835.5453 4612766.7665);57562;57567
CT-0975;E.T. CAN DRAPER-2;181038;400;11;LGA;17.0;20.0;0.00000000;;Cu;Indefinit;2.716540;LINESTRING (438849.456 4612730.2236, 438851.9874 4612731.2093);57719;122995
